{
	"Name" : "Super Mixed Game",
	"Description" : "",
	"Version": "1.0.0",
	"LoadPriority": 2,

	"Scripts": [
		{
			"Path": "loadedinits_after.gnut",
			"RunOn": "SERVER && MP",
            "ServerCallback": {
                "After": "LoadedInits_AfterServerScript"
            }
		},
		{
			"Path": "loadedinits_before.gnut",
			"RunOn": "SERVER && MP",
            "ServerCallback": {
                "Before": "LoadedInits_BeforeServerScript"
            }
		},
		{
			"Path": "/modifiers/mixedweapon.gnut",
			"RunOn": "SERVER && MP"
		},
		{
			"Path": "/modifiers/mixedevents.gnut",
			"RunOn": "SERVER && MP"
		},
		{
			"Path": "/modifiers/tactical_replace.gnut",
			"RunOn": "SERVER && MP"
		},
		{
			"Path": "/flipside/flipside.gnut",
			"RunOn": "SERVER && MP",
			"ServerCallback": {
                "After": "flipside_init"
            }
		},
		{
			"Path": "/titanutil/_fakebt.gnut",
			"RunOn": "SERVER && MP"
		},
		{
			"Path": "/nessie/taunt.gnut",
			"RunOn": "SERVER && MP"
		},
		{
			"Path": "/titanutil/titanpick.nut",
			"RunOn": "SERVER && MP"
		},
		{
			"Path": "/titanutil/titan_replace.gnut",
			"RunOn": "SERVER && MP",
			"ServerCallback": {
                "After": "TitanReplace_Init"
            }
		},
		{
			"Path": "/nessie/nessy.gnut",
			"RunOn": "SERVER && MP",
			"ServerCallback": {
				"After": "EverythingNessy_Init"
			}
		},
		{
			"Path": "/nessie/altpilot.gnut",
			"RunOn": "SERVER && MP",
			"ServerCallback": {
                "After": "AltPilot_Init"
            }
		},
		{
			"Path": "/modifiers/randomgame_pilot.gnut",
			"RunOn": "SERVER && MP"
		},
		{
			"Path": "/modifiers/randomgame_titan.gnut",
			"RunOn": "SERVER && MP"
		},
		{
			"Path": "/modweapons/mp_ability_arc_blast.nut",
			"RunOn": "( CLIENT || SERVER ) && MP",
            "ServerCallback": {
                "After": "MpAbilityArcBlast_Init"
            },
			"ClientCallback": {
                "After": "MpAbilityArcBlast_Init"
            }
		},
		{
			"Path": "/modweapons/mp_titancore_damage_core.nut",
			"RunOn": "( CLIENT || SERVER ) && MP",
            "ServerCallback": {
                "After": "Damage_Core_Init"
            },
			"ClientCallback": {
                "After": "Damage_Core_Init"
            }
		},
		{
			"Path": "/modweapons/mp_titancore_dash_core_fixed.nut",
			"RunOn": "( CLIENT || SERVER ) && MP"
		},
		{
			"Path": "/modweapons/mp_titancore_shield_core.nut",
			"RunOn": "( CLIENT || SERVER ) && MP",
			"ServerCallback": {
                "After": "Shield_Core_Init"
            },
			"ClientCallback": {
                "After": "Shield_Core_Init"
            }
		},
		{
			"Path": "/modai/_ai_shield_drone.gnut",
			"RunOn": "SERVER && MP",
			"ServerCallback": {
                "After": "ShieldDrone_Init"
            }
		},
		{
			"Path": "/modai/_ai_stim_drone.gnut",
			"RunOn": "SERVER && MP"
		},
		{
			"Path": "/modai/_ai_repair_drone.gnut",
			"RunOn": "SERVER && MP"
		},
		{
			"Path": "/modai/_ai_personal_turret.gnut",
			"RunOn": "SERVER && MP"
		},
		{
			"Path": "/softball/nuclear.gnut",
			"RunOn": "SERVER && MP",
			"ServerCallback": {
                "After": "SoftballNuclearGrenade_Init"
            }
		},
		{
			"Path": "/softball/cluster.gnut",
			"RunOn": "SERVER && MP"
		},
		{
			"Path": "/softball/gravity.gnut",
			"RunOn": "SERVER && MP"
		},
		{
			"Path": "/softball/sonar.gnut",
			"RunOn": "SERVER && MP"
		},
		{
			"Path": "/softball/triplethreat.gnut",
			"RunOn": "SERVER && MP"
		},
		{
			"Path": "/softball/thermite.gnut",
			"RunOn": "SERVER && MP"
		},
		{
			"Path": "/softball/smoke.gnut",
			"RunOn": "SERVER && MP"
		},
		{
			"Path": "/modweapons/mp_weapon_thermite_grenade_dot.gnut",
			"RunOn": "( CLIENT || SERVER ) && MP",
			"ClientCallback": {
                "After": "MpWeaponThermiteGrenadeDoT_Init"
            },
            "ServerCallback": {
                "After": "MpWeaponThermiteGrenadeDoT_Init"
            }
		},
		{
			"Path": "/modweapons/mp_weapon_modded_softball.gnut",
			"RunOn": "( CLIENT || SERVER ) && MP",
			"ClientCallback": {
                "After": "MpWeaponModdedSoftball_Init"
            },
            "ServerCallback": {
                "After": "MpWeaponModdedSoftball_Init"
            }
		},
		{
			"Path": "/modweapons/mp_weapon_nessie_pistol.gnut",
			"RunOn": "( CLIENT || SERVER ) && MP",
			"ClientCallback": {
                "After": "MpWeaponNessiePistol_Init"
            },
            "ServerCallback": {
                "After": "MpWeaponNessiePistol_Init"
            }
		},
		{
			"Path": "/modweapons/mp_weapon_smoke_launcher.gnut",
			"RunOn": "( CLIENT || SERVER ) && MP",
			"ClientCallback": {
                "After": "MpWeaponSmokeLauncher_Init"
            },
            "ServerCallback": {
                "After": "MpWeaponSmokeLauncher_Init"
            }
		},
		{
			"Path": "/modweapons/mp_weapon_flak_rifle_fixed.gnut",
			"RunOn": "( CLIENT || SERVER ) && MP",
			"ClientCallback": {
                "After": "MpWeaponFlakRifle_Init"
            },
            "ServerCallback": {
                "After": "MpWeaponFlakRifle_Init"
            }
		},
		{
			"Path": "/modweapons/mp_weapon_impulse_grenade.gnut",
			"RunOn": "( CLIENT || SERVER ) && MP",
			"ClientCallback": {
                "After": "MpWeaponGrenadeEMP_Init"
            },
            "ServerCallback": {
                "After": "MpWeaponGrenadeEMP_Init"
            }
		},
		{
		    "Path": "/events/elitist.gnut",
		    "RunOn": "SERVER && MP"
	    },
	    {
			"Path": "/events/MoonGravity.gnut",
			"RunOn": "SERVER && MP"
		},
		{
			"Path": "/events/Switcharoo.gnut",
			"RunOn": "SERVER && MP"
		},
		{
			"Path": "/events/stealing.gnut",
			"RunOn": "SERVER && MP"
		},
		{
			"Path": "/events/acceleration.gnut",
			"RunOn": "SERVER && MP"
		},
		{
			"Path": "/modifiers/PP_Gamemode_HarvesterPush.gnut",
			"RunOn": "SERVER && MP"
		},
		{
			"Path": "/titanutil/_sp_loadouts.nut",
			"RunOn": "SERVER && MP"
		},
		{
            "Path": "/titanutil/titan_damagedef.gnut",
            "RunOn": "SERVER && MP",
            "ServerCallback": {
                "After": "Modded_TitanWeapon_DamageDef_Init"
            }
        },
		{
			"Path": "/modweapons/brute4/sh_brute4_bubble_shield.gnut",
			"RunOn": "( CLIENT || SERVER ) && MP"
		},
		{
			"Path": "/modweapons/brute4/mp_titancore_barrage_core.nut",
			"RunOn": "( CLIENT || SERVER ) && MP"
		},
		{
			"Path": "/modweapons/brute4/mp_titanability_brute4_bubble_shield.nut",
			"RunOn": "( CLIENT || SERVER ) && MP"
		},
		{
			"Path": "/modweapons/brute4/mp_titanweapon_barrage_core_launcher.nut",
			"RunOn": "( CLIENT || SERVER ) && MP"
		},
		{
			"Path": "/modweapons/brute4/mp_titanweapon_grenade_launcher.nut",
			"RunOn": "( CLIENT || SERVER ) && MP"
		},
		{
			"Path": "/modweapons/archon/_archon_cannon.nut",
			"RunOn": "( CLIENT || SERVER ) && MP"
		},
		{
			"Path": "/modweapons/archon/_arc_pylon_field.nut",
			"RunOn": "( CLIENT || SERVER ) && MP"
		},
		{
			"Path": "/modweapons/archon/_storm_ball.nut",
			"RunOn": "( CLIENT || SERVER ) && MP"
		},
		{
			"Path": "/modweapons/archon/mp_titancore_storm_core.nut",
			"RunOn": "( CLIENT || SERVER ) && MP"
		},
		{
			"Path": "/modweapons/archon/mp_titanweapon_archon_cannon.nut",
			"RunOn": "( CLIENT || SERVER ) && MP"
		},
		{
			"Path": "/modweapons/archon/mp_titanweapon_charge_ball.nut",
			"RunOn": "( CLIENT || SERVER ) && MP"
		},
		{
			"Path": "/modweapons/archon/mp_titanweapon_shock_shield.nut",
			"RunOn": "( CLIENT || SERVER ) && MP"
		},
		{
			"Path": "/modweapons/archon/mp_titanweapon_tesla_node.nut",
			"RunOn": "( CLIENT || SERVER ) && MP"
		},
		{
            "Path": "/titanutil/sh_archon_util.nut",
            "RunOn": "( CLIENT || SERVER ) && MP",
            "ClientCallback": {
                "After": "Archon_Init"
            },
            "ServerCallback": {
                "After": "Archon_Init"
            }
        },
		{
            "Path": "/titanutil/sh_brute4_util.nut",
            "RunOn": "( CLIENT || SERVER ) && MP",
            "ClientCallback": {
                "After": "Brute4_Init"
            },
            "ServerCallback": {
                "After": "Brute4_Init"
            }
        },
		{
			"Path": "/gameutil/autokick.nut",
			"RunOn": "SERVER && MP"
		},
		{
			"Path": "/gameutil/teamshuffle.nut",
			"RunOn": "SERVER && MP"
		},
		{
			"Path": "/modmelee/primary_melee.gnut",
			"RunOn": "SERVER && MP",
            "ServerCallback": {
                "After": "Primary_MeleeWeapon_Init"
            }
		},
		{
			"Path": "/pilotutil/pilot_damagedef.gnut",
			"RunOn": "SERVER && MP",
            "ServerCallback": {
                "After": "Modded_Weapon_DamageDef_Init"
            }
		},
		{
			"Path": "/modweapons/shared_mods/mp_weapon_rocket_jumper.gnut",
			"RunOn": "( CLIENT || SERVER ) && MP",
			"ClientCallback": {
                "After": "ModdedRocketJumper_Init"
            },
            "ServerCallback": {
                "After": "ModdedRocketJumper_Init"
            }
		},
		{
			"Path": "/pilotutil/antistuck_util.gnut",
			"RunOn": "SERVER && MP",
			"ServerCallback": {
                "After": "AntiStuckUtil_Init"
            }
		},
		{
			"Path": "/modifiers/gamemode_kraber.gnut",
			"RunOn": "SERVER && MP"
		},
		{
			"Path": "/modifiers/equipments_filter.gnut",
			"RunOn": "SERVER && MP"
		},
		{
			"Path": "/modifiers/modified_loadout.gnut",
			"RunOn": "SERVER && MP"
		},
		{
			"Path": "/modweapons/mp_ability_death_marker.gnut",
			"RunOn": "( CLIENT || SERVER ) && MP",
			"ServerCallback":{
				"After": "MpAbilityDeathMarker_Init"
			},
			"ClientCallback":{
				"After": "MpAbilityDeathMarker_Init"
			}
		},
		{
			"Path": "/nessieutil/spawn_mod.nut",
			"RunOn": "SERVER && MP",
			"ServerCallback": {
				"After": "SpawnCommand"
			}
		},
		{
			"Path": "/gameutil/forced_playlist.gnut",
			"RunOn": "SERVER && MP"
		},
		{
			"Path": "/modweapons/shared_mods/mp_weapon_tediore.gnut",
			"RunOn": "( CLIENT || SERVER ) && MP",
			"ServerCallback":{
				"After": "MpWeaponMod_Tediore_Init"
			},
			"ClientCallback":{
				"After": "MpWeaponMod_Tediore_Init"
			}
		},
		{
			"Path": "/nessie/nessie_debug.gnut",
			"RunOn": "SERVER && MP"
		}, 
		{
			"Path": "/modweapons/_bombardment_utility.gnut",
			"RunOn": "SERVER && MP",
			"ServerCallback": {
				"After": "Bombardment_Init"
			}
		},
		{
			"Path": "/modweapons/mp_weapon_grenade_creeping_bombardment.nut",
			"RunOn": "( CLIENT || SERVER ) && MP",
			"ClientCallback": {
				"After": "MpWeaponGrenadeCreepingBombardment_Init"
			},
			"ServerCallback": {
				"After": "MpWeaponGrenadeCreepingBombardment_Init"
			}
		},
		{
			"Path": "/modweapons/mp_weapon_creeping_bombardment_weapon.nut",
			"RunOn": "( CLIENT || SERVER ) && MP",
			"ClientCallback": {
				"After": "MpWeaponGrenadeCreepingBombardmentWeapon_Init"
			},
			"ServerCallback": {
				"After": "MpWeaponGrenadeCreepingBombardmentWeapon_Init"
			}
		},
		{
			"Path": "/nessie/holdingprops.gnut",
			"RunOn": "SERVER && MP"
		},
		{
			"Path": "/modweapons/modded_stim/mp_ability_jump_pad.gnut",
			"RunOn": "( CLIENT || SERVER ) && MP",
			"ClientCallback":{
				"After": "MpAbilityJumpPad_Init"
			},
			"ServerCallback": {
				"After": "MpAbilityJumpPad_Init"
			}
		},
		{
			"Path": "/modweapons/mp_titancore_ground_slam.gnut",
			"RunOn": "( CLIENT || SERVER ) && MP",
			"ClientCallback":{
				"After": "MpTitanWeaponGoundSlam_Init"
			},
			"ServerCallback": {
				"After": "MpTitanWeaponGoundSlam_Init"
			}
		},
		{
			"Path": "/titanutil/_bison_util.gnut",
			"RunOn": "SERVER && MP",
			"ServerCallback": {
				"After": "Bison_Init"
			}
		}, 
		{
			"Path": "/modai/_ai_player_drone_throw.gnut",
			"RunOn": "SERVER && MP"
		},
		{
			"Path": "/nessie/nessie_precache.gnut",
			"RunOn": "SERVER && MP",
			"ServerCallback": {
				"After": "Nessie_Precache_Always_Init"
			}
		},
		{
			"Path": "/modweapons/shared_mods/mp_weapon_wrecking_ball.gnut",
			"RunOn": "( CLIENT || SERVER ) && MP",
			"ClientCallback":{
				"After": "MpWeaponWreckingBall_Init"
			},
			"ServerCallback": {
				"After": "MpWeaponWreckingBall_Init"
			}
		},
		{
			"Path": "/modweapons/_fake_magnetic_ammo.gnut",
			"RunOn": "SERVER && MP",
			"ServerCallback": {
				"After": "FAKE_Magnetic_ammo_Init"
			}
		},
		{
			"Path": "/modweapons/mp_ability_jet_pack.gnut",
			"RunOn": "( CLIENT || SERVER ) && MP",
			"ClientCallback":{
				"After": "MpAbilityJetPack_Init"
			},
			"ServerCallback": {
				"After": "MpAbilityJetPack_Init"
			}
		},
		{
			"Path": "/nessie/custom_damage_effect.gnut",
			"RunOn": "SERVER && MP",
			"ServerCallback": {
				"After": "CustomDamageEffect_Init"
			}
		},
		{
			"Path": "/nessie/nessie_funny.gnut",
			"RunOn": "SERVER && MP",
			"ServerCallback": {
				"After": "Nessie_Funny_Functions_Init"
			}
		},
		{
			"Path": "/modweapons/mp_ability_fake_death.gnut",
			"RunOn": "( CLIENT || SERVER ) && MP",
			"ClientCallback": {
				"After": "MpAbilityFakeDeath_Init"
			},
			"ServerCallback": {
				"After": "MpAbilityFakeDeath_Init"
			}
		},
		{
			"Path": "/modifiers/gamemode_fighter.gnut",
			"RunOn": "SERVER && MP"
		},
		{
			"Path": "/nessie/nessie_commands.gnut",
			"RunOn": "SERVER && MP",
			"ServerCallback": {
				"After": "Nessie_Useful_Commands_Init"
			}
		},
		{
			"Path": "/modweapons/_no_ironsight_weapons.gnut",
			"RunOn": "SERVER && MP"
		},
		{
			"Path": "/modweapons/mp_ability_emp_drone.gnut",
			"RunOn": "( CLIENT || SERVER ) && MP",
			"ClientCallback": {
				"After": "MpAbilityEMPDrone_Init"
			},
			"ServerCallback": {
				"After": "MpAbilityEMPDrone_Init"
			}
		},
		{
			"Path": "/modmp/dropship_respawn.gnut",
			"RunOn": "SERVER && MP"
		},
		{
			"Path": "/modmp/_droppod_spawn_1player.gnut",
			"RunOn": "SERVER && MP",
            "ServerCallback": {
                "After": "DropPodSpawn1Player_Init"
            }
		},
		{
			"Path": "/modweapons/_fake_scope_snipers.gnut",
			"RunOn": "SERVER && MP"
		},
		{
			"Path": "/pilotutil/pilot_shield_battery.gnut",
			"RunOn": "SERVER && MP",
			"ServerCallback": {
				"After": "Pilot_Shield_Battery_Init"
			}
		},
		{
			"Path": "/modifiers/gamemode_bleedout.gnut",
			"RunOn": "SERVER"
		},
		{
			"Path": "/pilotutil/input_printer.gnut",
			"RunOn": "SERVER && MP",
            "ServerCallback": {
                "After": "AntiCheat_Input_Printer_Init"
            }
		},
		{
			"Path": "/modweapons/shared_mods/mp_weapon_slience_frag.gnut",
			"RunOn": "( CLIENT || SERVER ) && MP",
			"ClientCallback": {
				"After": "MpWeaponSilenceFrag_Init"
			},
			"ServerCallback": {
				"After": "MpWeaponSilenceFrag_Init"
			}
		},
		{
			"Path": "/modweapons/modded_stim/mp_ability_octane_stim.gnut",
			"RunOn": "( CLIENT || SERVER ) && MP",
			"ClientCallback":{
				"After": "MpAbilityOctaneStim_Init"
			},
			"ServerCallback": {
				"After": "MpAbilityOctaneStim_Init"
			}
		},
		{
			"Path": "/pilotutil/_pilot_jumpjet_precache.gnut",
			"RunOn": "SERVER && MP",
			"ServerCallback": {
				"After": "SERVER_JumpJet_Precache_Init"
			}
		},
		{
			"Path": "/nessie/pilot_pet_spawner.gnut",
			"RunOn": "SERVER && MP"
		},
		{
			"Path": "/gruntmode/grunt_mode.gnut",
			"RunOn": "SERVER && MP"
		},
		{
			"Path": "/gruntmode/_becomesgrunt.gnut",
			"RunOn": "SERVER && MP"
		},
		{
			"Path": "/modai/extra_ai_spawner.gnut",
			"RunOn": "SERVER && MP",
			"ServerCallback": {
				"After": "ExtraAISpawner_Init"
			}
		},
		{
			"Path": "/modmelee/_melee_synced_npc.gnut",
			"RunOn": "SERVER && MP",
			"ServerCallback": {
				"After": "MeleeSyncedNPC_Init"
			}
		},
		{
			"Path": "/modifiers/gamemode_spawner.gnut",
			"RunOn": "SERVER"
		},
		{
			"Path": "/modmelee/_fighter_melee.gnut",
			"RunOn": "SERVER && MP",
            "ServerCallback": {
                "After": "FighterMelee_Init"
            }
		},
		{
		    "Path": "/events/TwinTacticals.gnut",
		    "RunOn": "SERVER && MP"
	    },
	    {
			"Path": "/events/TwinGrenades.gnut",
			"RunOn": "SERVER && MP"
		},
		{
			"Path": "/events/ClassWar.gnut",
			"RunOn": "SERVER && MP"
		},
		{
			"Path": "/titanutil/_public_titan_embark.gnut",
			"RunOn": "SERVER && MP",
            "ServerCallback": {
                "After": "PublicTitanEmbark_Init"
            }
		},
		{
			"Path": "/nessieutil/levels_util.gnut",
			"RunOn": "SERVER && MP",
            "ServerCallback": {
                "After": "Nessie_Levels_Utility_Init"
            }
		},
		{
			"Path": "/nessieutil/hacked_death_util.gnut",
			"RunOn": "SERVER && MP",
            "ServerCallback": {
                "After": "Hacked_Death_Utility_Init"
            }
		},
		{
			"Path": "/modweapons/_force_synced_cooldown.gnut",
			"RunOn": "SERVER && MP",
			"ServerCallback": {
				"After": "ModdedWeaponsForcedCooldown_Init"
			}
		},
		{
			"Path": "/nessieutil/modded_burnmods.gnut",
			"RunOn": "SERVER && MP"
		},
		{
			"Path": "/modifiers/gamemode_bodygroup.gnut",
			"RunOn": "SERVER && MP"
		},
		{
			"Path": "/modifiers/nessie_settings_nontitan.gnut",
			"RunOn": "SERVER && MP"
		},
		{
			"Path": "/modifiers/xmas_mode.gnut",
			"RunOn": "SERVER && MP"
		},
		{
			"Path": "/modweapons/mp_titancore_tesla_core.gnut",
			"RunOn": "( CLIENT || SERVER ) && MP",
            "ServerCallback": {
                "After": "Tesla_Core_Init"
            },
			"ClientCallback": {
                "After": "Tesla_Core_Init"
            }
		},
		{
			"Path": "/modai/_ai_fake_suicide_spectres.gnut",
			"RunOn": "SERVER && MP",
			"ServerCallback": {
                "After": "FakeSuicideSpectres_Init"
            }
		},
		{
			"Path": "/modifiers/gamemode_suicide_spectres.gnut",
			"RunOn": "SERVER && MP"
		},
		{
			"Path": "/modmp/dropship_intro_shorter.gnut",
			"RunOn": "SERVER && MP"
		},
		{
			"Path": "/gruntmode/_grunt_default_classes.gnut",
			"RunOn": "SERVER && MP",
			"ServerCallback": {
				"After": "Default_GruntMode_Classes_Init"
			}
		},
		{
			"Path": "/pilotutil/pilot_wallclimb.gnut",
			"RunOn": "SERVER && MP",
			"ServerCallback": {
                "After": "Pilot_WallClimb_Init"
            }
		},
		{
			"Path": "/modweapons/mp_ability_gravity_lift.gnut",
			"RunOn": "( CLIENT || SERVER ) && MP",
			"ClientCallback": {
				"After": "MpAbilityGravityLift_Init"
			},
			"ServerCallback": {
				"After": "MpAbilityGravityLift_Init"
			}
		},
		{
			"Path": "/modweapons/shared_mods/mp_weapon_ninja_projectile.gnut",
			"RunOn": "( CLIENT || SERVER ) && MP",
			"ClientCallback": {
				"After": "MpWeaponNinjaProjectile_Init"
			},
			"ServerCallback": {
				"After": "MpWeaponNinjaProjectile_Init"
			}
		},
		{
			"Path": "/modweapons/modded_stim/mp_ability_modded_stim.gnut",
			"RunOn": "( CLIENT || SERVER ) && MP",
			"ClientCallback": {
				"After": "MpAbilityModdedStim_Init"
			},
			"ServerCallback": {
				"After": "MpAbilityModdedStim_Init"
			}
		},
		{
			"Path": "/modweapons/modded_stim/mp_ability_repair_drone.gnut",
			"RunOn": "( CLIENT || SERVER ) && MP",
			"ClientCallback": {
				"After": "MpAbilityRepairDrone_Init"
			},
			"ServerCallback": {
				"After": "MpAbilityRepairDrone_Init"
			}
		},
		{
			"Path": "/modweapons/modded_shifter/mp_ability_modded_shifter.gnut",
			"RunOn": "( CLIENT || SERVER ) && MP",
			"ClientCallback": {
				"After": "MpAbilityModdedShifter_Init"
			},
			"ServerCallback": {
				"After": "MpAbilityModdedShifter_Init"
			}
		},
		{
			"Path": "/modweapons/modded_shifter/mp_ability_wraith_phase.gnut",
			"RunOn": "( CLIENT || SERVER ) && MP",
			"ClientCallback": {
				"After": "MpAbilityWraithPhase_Init"
			},
			"ServerCallback": {
				"After": "MpAbilityWraithPhase_Init"
			}
		},
		{
			"Path": "/modweapons/modded_shifter/mp_ability_phase_boost.gnut",
			"RunOn": "( CLIENT || SERVER ) && MP",
			"ClientCallback": {
				"After": "MpAbilityPhaseBoost_Init"
			},
			"ServerCallback": {
				"After": "MpAbilityPhaseBoost_Init"
			}
		},
		{
			"Path": "/modweapons/modded_shifter/mp_ability_wraith_portal.gnut",
			"RunOn": "( CLIENT || SERVER ) && MP",
			"ClientCallback": {
				"After": "MpAbilityWraithPortal_Init"
			},
			"ServerCallback": {
				"After": "MpAbilityWraithPortal_Init"
			}
		},
		{
			"Path": "/modweapons/modded_shifter/mp_ability_spell_card.gnut",
			"RunOn": "( CLIENT || SERVER ) && MP",
			"ClientCallback": {
				"After": "MpAbilitySpellCard_Init"
			},
			"ServerCallback": {
				"After": "MpAbilitySpellCard_Init"
			}
		},
		{
			"Path": "/modifiers/gamemode_jumper.gnut",
			"RunOn": "SERVER && MP"
		},
		{
			"Path": "/pilotutil/pilot_emptyhanded.gnut",
			"RunOn": "SERVER && MP",
			"ServerCallback": {
                "After": "Pilot_EmptyHanded_Init"
            }
		},
		{
			"Path": "/modweapons/modded_deployable_cover/mp_weapon_modded_deployable_cover.gnut",
			"RunOn": "( CLIENT || SERVER ) && MP",
			"ClientCallback": {
				"After": "MpWeaponModdedDeployableCover_Init"
			},
			"ServerCallback": {
				"After": "MpWeaponModdedDeployableCover_Init"
			}
		},
		{
			"Path": "/modweapons/modded_deployable_cover/mp_ability_mobile_shield.gnut",
			"RunOn": "( CLIENT || SERVER ) && MP",
			"ClientCallback": {
				"After": "MpAbilityMobileShield_Init"
			},
			"ServerCallback": {
				"After": "MpAbilityMobileShield_Init"
			}
		},
		{
			"Path": "/modweapons/modded_deployable_cover/mp_ability_shield_drone.gnut",
			"RunOn": "( CLIENT || SERVER ) && MP",
			"ClientCallback": {
				"After": "MpAbilityShieldDrone_Init"
			},
			"ServerCallback": {
				"After": "MpAbilityShieldDrone_Init"
			}
		},
		{
			"Path": "/modweapons/modded_deployable_cover/mp_weapon_deployable_dome_shield.gnut",
			"RunOn": "( CLIENT || SERVER ) && MP",
			"ClientCallback": {
				"After": "MpWeaponDeployableDomeShield"
			},
			"ServerCallback": {
				"After": "MpWeaponDeployableDomeShield"
			}
		},
		{
			"Path": "/modweapons/_deployable_cover.gnut",
			"RunOn": " SERVER && MP"
		},
		{
			"Path": "/modifiers/gamemode_survival.gnut",
			"RunOn": "SERVER && MP"
		},
		{
			"Path": "/modmp/_respawn_beacon.gnut",
			"RunOn": "SERVER && MP",
			"ServerCallback": {
				"After": "Respawn_Beacon_Init"
			}
		},
		{
			"Path": "/modweapons/mp_ability_zipline_gun.gnut",
			"RunOn": "( CLIENT || SERVER ) && MP",
            "ServerCallback": {
                "After": "MpAbilityZiplineGun_Init"
            },
			"ClientCallback": {
                "After": "MpAbilityZiplineGun_Init"
            }
		},
		{
			"Path": "/modifiers/gamemode_slipping.gnut",
			"RunOn": "SERVER && MP"
		},
		{
			"Path": "/modifiers/amped_pilots.gnut",
			"RunOn": "SERVER && MP",
			"ServerCallback": {
                "After": "AmpedPilots_Init"
            }
		},
		{
			"Path": "/nessieutil/sh_friendlyfire.gnut",
			"RunOn": "( CLIENT || SERVER ) && MP",
            "ServerCallback": {
                "After": "Sh_FriendlyFire_Init"
            },
			"ClientCallback": {
                "After": "Sh_FriendlyFire_Init"
            }
		},
		{
			"Path": "/modmelee/_friendly_synced_melee.gnut",
			"RunOn": "SERVER && MP",
			"ServerCallback": {
                "After": "Friendly_SyncedMelee_Init"
            }
		},
		{
			"Path": "/modmelee/_melee_synced_nolimit.gnut",
			"RunOn": "SERVER && MP",
			"ServerCallback": {
                "After": "MeleeSyncedNoLimit_Init"
            }
		},
		{
			"Path": "/modifiers/gamemode_oraora.gnut",
			"RunOn": "SERVER && MP"
		}
	]
}